timestamp,source,type,severity,message,status
2025-10-07T09:55:19.835865+00:00,JBoss Logs,Anomaly,critical,2025-10-07 14:22:00 ERROR [org.jboss] Critical failure in connection pool,acknowledged
2025-10-07T10:01:49.226769+00:00,JBoss Logs,Anomaly,critical,2025-10-07 15:20:00 ERROR [org.jboss] Database connection lost unexpectedly,acknowledged
2025-10-07T10:03:34.921804+00:00,JBoss Logs,Anomaly,critical,[2025-09-22 14:35:17] ERROR [org.jboss.ejb3] – Transaction timeout for UserSessionBean,acknowledged
2025-10-07T10:24:53.359434+00:00,JBoss Logs,Anomaly,critical,[2025-09-22 14:35:17] ERROR [org.jboss.ejb3] – Transaction timeout for UserSessionBean,acknowledged
2025-10-07T10:24:57.743967+00:00,JBoss Logs,Anomaly,critical,[2025-09-22 14:35:17] ERROR [org.jboss.ejb3] – Transaction timeout for UserSessionBean,acknowledged
2025-10-07T10:25:02.767089+00:00,JBoss Logs,Anomaly,critical,[2025-09-22 14:35:17] ERROR [org.jboss.ejb3] – Transaction timeout for UserSessionBean,acknowledged
2025-10-13T06:37:49.306896+00:00,JBoss Logs,Anomaly,critical,[2025-09-22 14:35:17] ERROR [org.jboss.ejb3] – Transaction timeout for UserSessionBean,acknowledged
2025-10-13T06:37:56.184203+00:00,JBoss Logs,Anomaly,critical,[2025-09-22 14:35:17] ERROR [org.jboss.ejb3] – Transaction timeout for UserSessionBean,acknowledged
2025-10-13T06:44:16.842443+00:00,JBoss Logs,Anomaly,critical,[2025-09-22 14:35:17] ERROR [org.jboss.ejb3] – Transaction timeout for UserSessionBean,acknowledged
2025-10-13T06:44:22.023588+00:00,JBoss Logs,Anomaly,critical,[2025-09-22 14:35:17] ERROR [org.jboss.ejb3] – Transaction timeout for UserSessionBean,acknowledged
2025-10-13T11:13:21.365205+00:00,JBoss Logs,Anomaly,critical,[2025-09-22 14:35:17] ERROR [org.jboss.ejb3] – Transaction timeout for UserSessionBean,acknowledged
2025-10-13T11:13:26.943524+00:00,JBoss Logs,Anomaly,critical,[2025-09-22 14:35:17] ERROR [org.jboss.ejb3] – Transaction timeout for UserSessionBean,acknowledged
2025-10-13T11:13:27.760410+00:00,JBoss Logs,Anomaly,critical,[2025-09-22 14:35:17] ERROR [org.jboss.ejb3] – Transaction timeout for UserSessionBean,acknowledged
2025-10-13T11:13:28.440523+00:00,JBoss Logs,Anomaly,critical,[2025-09-22 14:35:17] ERROR [org.jboss.ejb3] – Transaction timeout for UserSessionBean,acknowledged
2025-10-13T11:13:28.931395+00:00,JBoss Logs,Anomaly,critical,[2025-09-22 14:35:17] ERROR [org.jboss.ejb3] – Transaction timeout for UserSessionBean,acknowledged
2025-10-13T11:13:29.504066+00:00,JBoss Logs,Anomaly,critical,[2025-09-22 14:35:17] ERROR [org.jboss.ejb3] – Transaction timeout for UserSessionBean,acknowledged
2025-10-13T11:13:29.883667+00:00,JBoss Logs,Anomaly,critical,[2025-09-22 14:35:17] ERROR [org.jboss.ejb3] – Transaction timeout for UserSessionBean,acknowledged
2025-10-13T11:13:30.358477+00:00,JBoss Logs,Anomaly,critical,[2025-09-22 14:35:17] ERROR [org.jboss.ejb3] – Transaction timeout for UserSessionBean,acknowledged
2025-10-13T11:13:30.554933+00:00,JBoss Logs,Anomaly,critical,[2025-09-22 14:35:17] ERROR [org.jboss.ejb3] – Transaction timeout for UserSessionBean,acknowledged
2025-10-13T11:13:30.706228+00:00,JBoss Logs,Anomaly,critical,[2025-09-22 14:35:17] ERROR [org.jboss.ejb3] – Transaction timeout for UserSessionBean,acknowledged
2025-10-13T11:13:30.870934+00:00,JBoss Logs,Anomaly,critical,[2025-09-22 14:35:17] ERROR [org.jboss.ejb3] – Transaction timeout for UserSessionBean,active
2025-10-13T11:23:04.497628+00:00,JBoss Logs,Anomaly,critical,[2025-09-22 14:35:17] ERROR [org.jboss.ejb3] – Transaction timeout for UserSessionBean,active
2025-10-13T12:32:34.207305+00:00,JBoss Logs,Anomaly,critical,[2025-09-22 14:35:17] ERROR [org.jboss.ejb3] – Transaction timeout for UserSessionBean,active
2025-10-15T11:55:52.055490+00:00,JBoss Logs,Anomaly,critical,[2025-09-22 14:35:17] ERROR [org.jboss.ejb3] – Transaction timeout for UserSessionBean,active
2025-10-15T14:14:06.770182+00:00,JBoss Logs,Anomaly,critical,[2025-09-22 14:35:17] ERROR [org.jboss.ejb3] – Transaction timeout for UserSessionBean,active
2025-10-15T14:14:10.476573+00:00,JBoss Logs,Anomaly,critical,[2025-09-22 14:35:17] ERROR [org.jboss.ejb3] – Transaction timeout for UserSessionBean,active
2025-10-15T15:16:38.218026+00:00,JBoss Logs,Anomaly,critical,[2025-09-22 14:35:17] ERROR [org.jboss.ejb3] – Transaction timeout for UserSessionBean,active
2025-10-16T06:21:17.806068+00:00,System,Resource Alert,critical,High CPU usage detected: 98.5%,active
2025-10-16T09:47:37.310131+00:00,JBoss Logs,Anomaly,critical,[2025-09-22 14:35:17] ERROR [org.jboss.ejb3] – Transaction timeout for UserSessionBean,active
2025-10-16T09:47:43.049730+00:00,JBoss Logs,Anomaly,critical,[2025-09-22 14:35:17] ERROR [org.jboss.ejb3] – Transaction timeout for UserSessionBean,active
2025-10-16T10:19:23.719358+00:00,System,Resource Alert,critical,High CPU usage detected: 93.9%,active
2025-10-16T10:33:29.549733+00:00,System,Resource Alert,critical,High CPU usage detected: 94.5%,active
2025-10-16T11:14:37.757056+00:00,System,Resource Alert,warning,High memory usage detected: 81.3%,active
2025-10-16T11:15:27.532406+00:00,System,Resource Alert,warning,High memory usage detected: 82.0%,active
2025-10-16T11:15:47.752140+00:00,System,Resource Alert,warning,High memory usage detected: 80.9%,active
2025-10-16T11:15:52.201048+00:00,System,Resource Alert,warning,High memory usage detected: 80.7%,active
2025-10-16T11:20:51.702432+00:00,System,Resource Alert,warning,High memory usage detected: 80.8%,active
2025-10-16T11:21:51.737104+00:00,System,Resource Alert,warning,High memory usage detected: 83.0%,active
2025-10-16T13:54:03.570582+00:00,JBoss Logs,Anomaly,critical,[2025-09-22 14:35:17] ERROR [org.jboss.ejb3] – Transaction timeout for UserSessionBean,active
2025-10-16T13:54:04.603947+00:00,System,Resource Alert,warning,High memory usage detected: 82.2%,active
2025-10-16T13:54:20.901448+00:00,System,Resource Alert,warning,High memory usage detected: 81.8%,active
2025-10-16T13:54:28.153909+00:00,System,Resource Alert,warning,High memory usage detected: 82.2%,active
2025-10-16T13:54:40.967890+00:00,System,Resource Alert,warning,High memory usage detected: 81.8%,active
2025-10-16T13:54:56.474170+00:00,System,Resource Alert,warning,High memory usage detected: 82.7%,active
2025-10-16T13:55:04.098589+00:00,System,Resource Alert,warning,High memory usage detected: 81.8%,active
2025-10-16T13:55:17.934199+00:00,System,Resource Alert,warning,High memory usage detected: 82.8%,active
2025-10-16T13:55:22.710504+00:00,System,Resource Alert,warning,High memory usage detected: 81.8%,active
2025-10-16T13:55:32.916020+00:00,System,Resource Alert,warning,High memory usage detected: 81.8%,active
2025-10-16T13:56:03.672526+00:00,System,Resource Alert,warning,High memory usage detected: 80.5%,active
2025-10-17T12:53:34.290128+00:00,JBoss Logs,Anomaly,critical,[2025-09-22 14:35:17] ERROR [org.jboss.ejb3] – Transaction timeout for UserSessionBean,active
2025-10-17T12:53:35.701135+00:00,JBoss Logs,Anomaly,critical,[2025-09-22 14:35:17] ERROR [org.jboss.ejb3] – Transaction timeout for UserSessionBean,active
2025-10-20T11:27:38.609375+00:00,System,Resource Alert,warning,High memory usage detected: 83.6%,active
2025-10-20T11:28:49.545521+00:00,System,Resource Alert,warning,High memory usage detected: 81.9%,active
2025-10-24T08:19:57.885589+00:00,System,Resource Alert,warning,High memory usage detected: 80.2%,active
2025-10-24T08:20:06.868010+00:00,System,Resource Alert,warning,High memory usage detected: 81.8%,active
2025-10-24T08:20:52.235558+00:00,System,Resource Alert,warning,High memory usage detected: 81.2%,active
2025-10-24T08:21:52.269013+00:00,System,Resource Alert,warning,High memory usage detected: 81.4%,active
2025-10-24T08:22:52.256478+00:00,System,Resource Alert,warning,High memory usage detected: 81.6%,active
2025-10-24T08:23:52.256393+00:00,System,Resource Alert,warning,High memory usage detected: 81.2%,active
2025-10-24T08:24:52.285016+00:00,System,Resource Alert,warning,High memory usage detected: 81.4%,active
2025-10-24T10:41:56.240802+00:00,System,Resource Alert,warning,High memory usage detected: 81.8%,active
2025-10-24T10:42:39.232654+00:00,System,Resource Alert,warning,High memory usage detected: 82.0%,active
2025-10-24T10:43:39.258221+00:00,System,Resource Alert,warning,High memory usage detected: 81.1%,active
2025-10-24T10:44:39.246496+00:00,System,Resource Alert,warning,High memory usage detected: 81.7%,active
2025-10-24T10:45:25.893240+00:00,System,Resource Alert,warning,High memory usage detected: 80.2%,active
2025-10-24T10:45:33.814424+00:00,System,Resource Alert,warning,High memory usage detected: 81.5%,active
2025-10-24T10:46:21.245620+00:00,System,Resource Alert,warning,High memory usage detected: 81.7%,active
2025-10-24T10:47:21.270122+00:00,System,Resource Alert,warning,High memory usage detected: 81.7%,active
2025-10-24T10:48:21.272153+00:00,System,Resource Alert,warning,High memory usage detected: 81.4%,active
2025-10-24T10:49:21.307606+00:00,System,Resource Alert,warning,High memory usage detected: 81.4%,active
2025-10-24T10:50:21.252514+00:00,System,Resource Alert,warning,High memory usage detected: 81.2%,active
2025-10-24T10:51:21.263650+00:00,System,Resource Alert,warning,High memory usage detected: 81.6%,active
2025-10-24T10:52:21.267286+00:00,System,Resource Alert,warning,High memory usage detected: 81.2%,active
2025-10-24T10:53:22.264432+00:00,System,Resource Alert,warning,High memory usage detected: 80.8%,active
2025-10-24T10:54:23.258289+00:00,System,Resource Alert,warning,High memory usage detected: 80.8%,active
2025-10-24T10:55:24.250554+00:00,System,Resource Alert,warning,High memory usage detected: 80.5%,active
2025-10-24T10:56:25.266049+00:00,System,Resource Alert,warning,High memory usage detected: 80.9%,active
2025-10-24T10:57:26.278696+00:00,System,Resource Alert,warning,High memory usage detected: 80.8%,active
2025-10-24T10:58:27.267684+00:00,System,Resource Alert,warning,High memory usage detected: 80.4%,active
2025-10-24T11:00:30.838013+00:00,System,Resource Alert,warning,High memory usage detected: 80.9%,active
2025-10-24T11:00:57.983381+00:00,System,Resource Alert,warning,High memory usage detected: 84.3%,active
2025-10-24T11:01:15.668090+00:00,System,Resource Alert,warning,High memory usage detected: 82.5%,active
2025-10-24T11:01:58.004974+00:00,System,Resource Alert,warning,High memory usage detected: 81.3%,active
2025-10-24T11:02:58.240941+00:00,System,Resource Alert,warning,High memory usage detected: 80.7%,active
2025-10-24T11:03:58.292632+00:00,System,Resource Alert,warning,High memory usage detected: 81.0%,active
2025-10-24T11:04:58.239628+00:00,System,Resource Alert,warning,High memory usage detected: 80.5%,active
2025-10-24T11:05:58.270288+00:00,System,Resource Alert,warning,High memory usage detected: 81.2%,active
2025-10-24T11:06:58.218357+00:00,System,Resource Alert,warning,High memory usage detected: 82.2%,active
2025-10-24T11:07:59.265447+00:00,System,Resource Alert,warning,High memory usage detected: 81.9%,active
2025-10-24T11:08:58.249474+00:00,System,Resource Alert,warning,High memory usage detected: 82.5%,active
2025-10-24T11:09:59.249979+00:00,System,Resource Alert,warning,High memory usage detected: 82.8%,active
2025-10-24T11:11:00.258696+00:00,System,Resource Alert,warning,High memory usage detected: 82.6%,active
2025-10-24T11:12:01.280383+00:00,System,Resource Alert,warning,High memory usage detected: 82.6%,active
2025-10-24T11:13:02.275696+00:00,System,Resource Alert,warning,High memory usage detected: 82.4%,active
2025-10-24T11:14:03.282641+00:00,System,Resource Alert,warning,High memory usage detected: 82.5%,active
2025-10-24T11:15:04.280737+00:00,System,Resource Alert,warning,High memory usage detected: 82.2%,active
2025-10-24T11:16:05.297553+00:00,System,Resource Alert,warning,High memory usage detected: 82.1%,active
2025-10-24T11:17:06.285713+00:00,System,Resource Alert,warning,High memory usage detected: 81.6%,active
2025-10-24T11:18:07.281862+00:00,System,Resource Alert,warning,High memory usage detected: 81.9%,active
2025-10-24T11:19:08.298206+00:00,System,Resource Alert,warning,High memory usage detected: 82.2%,active
2025-10-24T11:20:09.260762+00:00,System,Resource Alert,warning,High memory usage detected: 82.8%,active
2025-10-24T11:20:58.003926+00:00,System,Resource Alert,warning,High memory usage detected: 83.1%,active
2025-10-24T11:21:04.759366+00:00,System,Resource Alert,warning,High memory usage detected: 81.7%,active
2025-10-24T11:21:10.924516+00:00,System,Resource Alert,warning,High memory usage detected: 82.3%,active
2025-10-24T11:21:17.634238+00:00,System,Resource Alert,warning,High memory usage detected: 83.2%,active
2025-10-24T11:22:05.205506+00:00,System,Resource Alert,warning,High memory usage detected: 83.1%,active
2025-10-24T11:33:43.696095+00:00,System,Resource Alert,warning,High memory usage detected: 81.3%,active
2025-10-24T11:33:50.490664+00:00,System,Resource Alert,warning,High memory usage detected: 81.8%,active
2025-10-24T11:33:57.110616+00:00,System,Resource Alert,warning,High memory usage detected: 82.7%,active
2025-10-24T11:34:43.868621+00:00,System,Resource Alert,warning,High memory usage detected: 82.2%,active
2025-10-24T11:35:44.232202+00:00,System,Resource Alert,warning,High memory usage detected: 81.6%,active
2025-10-24T11:36:44.230201+00:00,System,Resource Alert,warning,High memory usage detected: 82.1%,active
2025-10-24T11:37:44.281632+00:00,System,Resource Alert,warning,High memory usage detected: 80.4%,active
2025-10-24T11:38:44.272763+00:00,System,Resource Alert,warning,High memory usage detected: 80.6%,active
2025-10-24T11:39:44.265563+00:00,System,Resource Alert,warning,High memory usage detected: 80.1%,active
2025-10-24T11:40:44.260700+00:00,System,Resource Alert,warning,High memory usage detected: 80.4%,active
2025-10-24T11:41:45.263930+00:00,System,Resource Alert,warning,High memory usage detected: 81.1%,active
2025-10-24T11:44:49.225202+00:00,System,Resource Alert,warning,High memory usage detected: 81.8%,active
2025-10-24T11:44:57.586014+00:00,System,Resource Alert,warning,High memory usage detected: 82.5%,active
2025-10-24T11:45:48.386831+00:00,System,Resource Alert,warning,High memory usage detected: 82.3%,active
2025-10-24T11:46:42.590082+00:00,System,Resource Alert,warning,High memory usage detected: 83.2%,active
2025-10-24T11:46:48.324931+00:00,System,Resource Alert,warning,High memory usage detected: 83.9%,active
2025-10-24T11:47:03.074680+00:00,System,Resource Alert,warning,High memory usage detected: 83.4%,active
2025-10-24T11:47:07.624207+00:00,System,Resource Alert,warning,High memory usage detected: 83.9%,active
2025-10-24T11:47:14.044306+00:00,System,Resource Alert,warning,High memory usage detected: 84.2%,active
2025-10-24T11:48:03.274395+00:00,System,Resource Alert,warning,High memory usage detected: 83.8%,active
2025-10-24T11:49:48.747979+00:00,System,Resource Alert,warning,High memory usage detected: 82.4%,active
2025-10-24T11:50:49.248689+00:00,System,Resource Alert,warning,High memory usage detected: 82.8%,active
2025-10-24T11:51:49.249112+00:00,System,Resource Alert,warning,High memory usage detected: 83.3%,active
2025-10-24T11:53:31.990137+00:00,System,Resource Alert,warning,High memory usage detected: 80.5%,active
2025-10-24T11:54:33.367532+00:00,System,Resource Alert,warning,High memory usage detected: 82.8%,active
2025-10-24T11:55:33.271926+00:00,System,Resource Alert,warning,High memory usage detected: 81.2%,active
2025-10-24T11:56:01.029096+00:00,System,Resource Alert,warning,High memory usage detected: 81.5%,active
2025-10-24T11:56:08.261273+00:00,System,Resource Alert,warning,High memory usage detected: 82.8%,active
2025-10-24T11:56:32.546278+00:00,System,Resource Alert,warning,High memory usage detected: 85.9%,active
2025-10-24T11:56:41.981198+00:00,System,Resource Alert,warning,High memory usage detected: 86.6%,active
2025-10-24T11:57:33.179887+00:00,System,Resource Alert,warning,High memory usage detected: 83.1%,active
2025-10-24T11:58:33.234626+00:00,System,Resource Alert,warning,High memory usage detected: 81.9%,active
2025-10-24T11:59:33.255283+00:00,System,Resource Alert,warning,High memory usage detected: 81.8%,active
2025-10-24T12:00:33.227118+00:00,System,Resource Alert,warning,High memory usage detected: 80.9%,active
2025-10-24T12:01:34.253113+00:00,System,Resource Alert,warning,High memory usage detected: 81.3%,active
2025-10-24T12:02:33.272373+00:00,System,Resource Alert,warning,High memory usage detected: 80.4%,active
2025-10-24T12:03:34.263259+00:00,System,Resource Alert,warning,High memory usage detected: 81.1%,active
2025-10-24T12:04:32.575052+00:00,System,Resource Alert,warning,High memory usage detected: 80.7%,active
2025-10-24T12:05:33.238182+00:00,System,Resource Alert,warning,High memory usage detected: 81.0%,active
2025-10-24T13:05:57.181246+00:00,System,Resource Alert,warning,High memory usage detected: 83.4%,active
2025-10-24T13:06:02.953680+00:00,System,Resource Alert,warning,High memory usage detected: 83.9%,active
2025-10-24T13:06:14.638108+00:00,System,Resource Alert,warning,High memory usage detected: 85.0%,active
2025-10-24T13:06:57.329586+00:00,System,Resource Alert,warning,High memory usage detected: 81.7%,active
2025-10-24T13:07:58.300623+00:00,System,Resource Alert,warning,High memory usage detected: 80.5%,active
2025-10-24T13:11:57.442141+00:00,System,Resource Alert,warning,High memory usage detected: 80.2%,active
2025-10-24T15:19:01.317095+00:00,System,Resource Alert,warning,High memory usage detected: 84.3%,active
2025-10-24T15:20:02.313400+00:00,System,Resource Alert,warning,High memory usage detected: 80.2%,active
2025-10-24T16:19:42.188223+00:00,JBoss Logs,Anomaly,critical,[2025-09-22 14:35:17] ERROR [org.jboss.ejb3] – Transaction timeout for UserSessionBean,active
2025-10-24T16:19:47.005728+00:00,JBoss Logs,Anomaly,critical,[2025-09-22 14:35:17] ERROR [org.jboss.ejb3] – Transaction timeout for UserSessionBean,active
2025-10-27T10:28:56.934323+00:00,JBoss Logs,Anomaly,critical,[2025-09-22 14:35:17] ERROR [org.jboss.ejb3] – Transaction timeout for UserSessionBean,active
2025-10-27T10:45:07.513330+00:00,System,Resource Alert,warning,High memory usage detected: 80.2%,active
2025-11-05T09:04:41.662913+00:00,System,Resource Alert,warning,High memory usage detected: 84.3%,active
2025-11-05T09:05:55.639634+00:00,System,Resource Alert,warning,High memory usage detected: 94.3%,active
2025-11-05T09:11:41.139478+00:00,System,Resource Alert,warning,High memory usage detected: 82.0%,active
2025-11-05T09:12:41.091182+00:00,System,Resource Alert,warning,High memory usage detected: 92.4%,active
2025-11-05T09:13:41.578156+00:00,System,Resource Alert,warning,High memory usage detected: 92.8%,active
2025-11-05T10:17:15.677524+00:00,System,Resource Alert,critical,High CPU usage detected: 94.6%,active
2025-11-05T10:17:15.687241+00:00,System,Resource Alert,warning,High memory usage detected: 80.8%,active
2025-11-05T10:19:15.707747+00:00,System,Resource Alert,critical,High CPU usage detected: 100.0%,active
2025-11-05T10:19:15.721270+00:00,System,Resource Alert,warning,High memory usage detected: 99.9%,active
2025-11-05T10:27:10.764563+00:00,System,Resource Alert,critical,High CPU usage detected: 92.3%,active
2025-11-05T10:29:28.099810+00:00,System,Resource Alert,warning,High memory usage detected: 95.9%,active
2025-11-05T10:32:37.565867+00:00,System,Resource Alert,critical,High CPU usage detected: 96.0%,active
2025-11-05T10:34:37.782626+00:00,System,Resource Alert,critical,High CPU usage detected: 98.8%,active
2025-11-05T10:34:37.786629+00:00,System,Resource Alert,warning,High memory usage detected: 90.0%,active
2025-11-05T10:35:42.264643+00:00,System,Resource Alert,warning,High memory usage detected: 83.4%,active
2025-11-05T10:36:37.580929+00:00,System,Resource Alert,warning,High memory usage detected: 84.1%,active
2025-11-05T10:37:37.628396+00:00,System,Resource Alert,warning,High memory usage detected: 86.4%,active
2025-11-05T10:38:37.555479+00:00,System,Resource Alert,warning,High memory usage detected: 87.0%,active
2025-11-05T10:39:38.761633+00:00,System,Resource Alert,warning,High memory usage detected: 88.1%,active
2025-11-05T10:39:54.141731+00:00,System,Resource Alert,warning,High memory usage detected: 88.5%,active
2025-11-05T10:40:03.047071+00:00,System,Resource Alert,warning,High memory usage detected: 87.0%,active
2025-11-05T10:40:05.345442+00:00,System,Resource Alert,warning,High memory usage detected: 87.1%,active
2025-11-05T10:40:37.544114+00:00,System,Resource Alert,warning,High memory usage detected: 87.4%,active
2025-11-05T10:41:36.962435+00:00,System,Resource Alert,warning,High memory usage detected: 87.3%,active
2025-11-05T10:41:38.392829+00:00,System,Resource Alert,warning,High memory usage detected: 87.3%,active
2025-11-05T14:16:24.086159+00:00,System,Resource Alert,warning,High memory usage detected: 80.4%,active
2025-11-05T14:16:28.586810+00:00,System,Resource Alert,warning,High memory usage detected: 80.3%,active
2025-11-05T14:16:31.656327+00:00,System,Resource Alert,warning,High memory usage detected: 80.4%,active
2025-11-05T14:16:49.537913+00:00,System,Resource Alert,warning,High memory usage detected: 80.6%,active
2025-11-05T14:18:42.572092+00:00,System,Resource Alert,warning,High memory usage detected: 80.9%,active
2025-11-05T14:21:42.512673+00:00,System,Resource Alert,warning,High memory usage detected: 80.9%,active
2025-11-06T06:45:19.433308+00:00,System,Resource Alert,warning,High memory usage detected: 89.6%,active
2025-11-06T06:46:19.420009+00:00,System,Resource Alert,warning,High memory usage detected: 88.1%,active
2025-11-06T06:47:19.425293+00:00,System,Resource Alert,warning,High memory usage detected: 87.6%,active
2025-11-06T06:48:19.399237+00:00,System,Resource Alert,warning,High memory usage detected: 87.8%,active
2025-11-06T06:49:19.399762+00:00,System,Resource Alert,warning,High memory usage detected: 86.4%,active
2025-11-06T06:50:19.401914+00:00,System,Resource Alert,warning,High memory usage detected: 86.4%,active
2025-11-06T06:51:22.551119+00:00,System,Resource Alert,critical,High CPU usage detected: 99.8%,active
2025-11-06T06:51:22.597723+00:00,System,Resource Alert,warning,High memory usage detected: 99.1%,active
2025-11-06T06:53:18.453843+00:00,System,Resource Alert,warning,High memory usage detected: 92.2%,active
2025-11-07T10:36:08.222084+00:00,System,Resource Alert,warning,High memory usage detected: 80.2%,active
2025-11-07T10:37:08.934710+00:00,System,Resource Alert,warning,High memory usage detected: 80.8%,active
2025-11-07T10:38:09.989079+00:00,System,Resource Alert,warning,High memory usage detected: 80.3%,active
2025-11-07T10:40:11.964702+00:00,System,Resource Alert,warning,High memory usage detected: 80.4%,active
2025-11-07T10:41:12.966612+00:00,System,Resource Alert,warning,High memory usage detected: 81.0%,active
2025-11-07T10:42:14.010882+00:00,System,Resource Alert,warning,High memory usage detected: 81.3%,active
2025-11-07T10:43:14.963593+00:00,System,Resource Alert,warning,High memory usage detected: 81.2%,active
2025-11-07T10:43:22.209888+00:00,System,Resource Alert,warning,High memory usage detected: 81.9%,active
2025-11-07T10:44:09.005095+00:00,System,Resource Alert,warning,High memory usage detected: 80.6%,active
2025-11-07T10:45:10.016461+00:00,System,Resource Alert,warning,High memory usage detected: 84.4%,active
2025-11-07T10:46:11.013500+00:00,System,Resource Alert,warning,High memory usage detected: 84.4%,active
2025-11-07T10:47:12.008565+00:00,System,Resource Alert,warning,High memory usage detected: 84.8%,active
2025-11-07T10:48:13.001687+00:00,System,Resource Alert,warning,High memory usage detected: 84.8%,active
2025-11-07T10:49:14.002668+00:00,System,Resource Alert,warning,High memory usage detected: 84.4%,active
2025-11-07T10:50:15.009583+00:00,System,Resource Alert,warning,High memory usage detected: 85.0%,active
2025-11-07T10:51:15.983156+00:00,System,Resource Alert,warning,High memory usage detected: 85.4%,active
2025-11-07T10:52:17.005228+00:00,System,Resource Alert,warning,High memory usage detected: 86.6%,active
2025-11-07T10:52:23.248256+00:00,System,Resource Alert,warning,High memory usage detected: 86.1%,active
2025-11-07T10:52:38.509019+00:00,System,Resource Alert,warning,High memory usage detected: 86.1%,active
2025-11-07T10:53:08.909421+00:00,System,Resource Alert,warning,High memory usage detected: 86.3%,active
2025-11-07T10:54:09.977758+00:00,System,Resource Alert,warning,High memory usage detected: 85.2%,active
2025-11-07T10:55:10.986653+00:00,System,Resource Alert,warning,High memory usage detected: 86.3%,active
2025-11-07T10:56:11.975273+00:00,System,Resource Alert,warning,High memory usage detected: 85.9%,active
2025-11-07T10:57:12.984769+00:00,System,Resource Alert,warning,High memory usage detected: 85.1%,active
2025-11-07T10:58:14.000693+00:00,System,Resource Alert,warning,High memory usage detected: 85.5%,active
2025-11-07T10:59:22.356620+00:00,System,Resource Alert,warning,High memory usage detected: 81.0%,active
2025-11-07T11:00:15.962324+00:00,System,Resource Alert,warning,High memory usage detected: 80.9%,active
2025-11-07T11:01:16.960168+00:00,System,Resource Alert,warning,High memory usage detected: 81.3%,active
2025-11-07T11:05:10.287147+00:00,System,Resource Alert,warning,High memory usage detected: 82.5%,active
2025-11-07T11:05:17.170555+00:00,System,Resource Alert,warning,High memory usage detected: 82.0%,active
2025-11-07T11:06:08.938275+00:00,System,Resource Alert,warning,High memory usage detected: 86.5%,active
2025-11-07T11:07:13.980030+00:00,System,Resource Alert,warning,High memory usage detected: 86.8%,active
2025-11-07T11:08:14.967591+00:00,System,Resource Alert,warning,High memory usage detected: 86.9%,active
2025-11-07T11:09:08.134340+00:00,System,Resource Alert,warning,High memory usage detected: 87.9%,active
2025-11-07T11:10:09.004630+00:00,System,Resource Alert,warning,High memory usage detected: 87.1%,active
2025-11-07T11:12:44.986384+00:00,System,Resource Alert,warning,High memory usage detected: 81.9%,active
2025-11-07T11:13:44.987736+00:00,System,Resource Alert,warning,High memory usage detected: 85.2%,active
2025-11-07T11:14:44.954740+00:00,System,Resource Alert,warning,High memory usage detected: 87.1%,active
2025-11-07T13:15:08.951401+00:00,System,Resource Alert,warning,High memory usage detected: 83.8%,active
2025-11-07T13:16:08.956390+00:00,System,Resource Alert,warning,High memory usage detected: 83.8%,active
2025-11-07T13:17:08.940125+00:00,System,Resource Alert,warning,High memory usage detected: 83.7%,active
2025-11-07T13:18:10.012239+00:00,System,Resource Alert,warning,High memory usage detected: 83.4%,active
2025-11-07T13:19:10.951255+00:00,System,Resource Alert,warning,High memory usage detected: 83.4%,active
2025-11-07T13:20:13.921784+00:00,System,Resource Alert,warning,High memory usage detected: 83.6%,active
2025-11-07T13:21:16.238835+00:00,System,Resource Alert,warning,High memory usage detected: 85.1%,active
2025-11-07T13:22:13.966775+00:00,System,Resource Alert,warning,High memory usage detected: 82.5%,active
2025-11-07T13:23:14.988928+00:00,System,Resource Alert,warning,High memory usage detected: 82.4%,active
2025-11-07T13:24:15.939436+00:00,System,Resource Alert,warning,High memory usage detected: 82.5%,active
2025-11-07T13:25:16.930897+00:00,System,Resource Alert,warning,High memory usage detected: 83.3%,active
2025-11-07T13:26:17.944015+00:00,System,Resource Alert,warning,High memory usage detected: 83.1%,active
2025-11-07T13:27:18.938491+00:00,System,Resource Alert,warning,High memory usage detected: 83.1%,active
2025-11-07T13:28:19.916222+00:00,System,Resource Alert,warning,High memory usage detected: 81.5%,active
2025-11-07T13:29:20.952216+00:00,System,Resource Alert,warning,High memory usage detected: 81.5%,active
2025-11-07T13:30:21.970744+00:00,System,Resource Alert,warning,High memory usage detected: 81.8%,active
2025-11-07T13:31:22.938290+00:00,System,Resource Alert,warning,High memory usage detected: 82.4%,active
2025-11-07T13:32:23.923501+00:00,System,Resource Alert,warning,High memory usage detected: 81.8%,active
2025-11-07T13:33:24.930762+00:00,System,Resource Alert,warning,High memory usage detected: 80.9%,active
2025-11-07T13:34:25.949450+00:00,System,Resource Alert,warning,High memory usage detected: 81.5%,active
2025-11-07T13:35:26.940870+00:00,System,Resource Alert,warning,High memory usage detected: 81.2%,active
2025-11-07T13:36:27.925288+00:00,System,Resource Alert,warning,High memory usage detected: 81.3%,active
2025-11-07T13:37:28.938812+00:00,System,Resource Alert,warning,High memory usage detected: 80.9%,active
2025-11-07T13:39:08.919129+00:00,System,Resource Alert,warning,High memory usage detected: 80.7%,active
2025-11-07T13:40:01.380847+00:00,System,Resource Alert,warning,High memory usage detected: 81.3%,active
2025-11-07T13:40:08.386819+00:00,System,Resource Alert,warning,High memory usage detected: 81.4%,active
2025-11-07T13:41:08.953784+00:00,System,Resource Alert,warning,High memory usage detected: 81.5%,active
2025-11-07T13:42:09.936683+00:00,System,Resource Alert,warning,High memory usage detected: 80.9%,active
2025-11-07T13:45:37.677132+00:00,System,Resource Alert,warning,High memory usage detected: 80.6%,active
2025-11-07T13:46:08.896940+00:00,System,Resource Alert,warning,High memory usage detected: 80.9%,active
2025-11-07T13:47:08.936732+00:00,System,Resource Alert,warning,High memory usage detected: 80.9%,active
2025-11-07T13:47:25.146230+00:00,System,Resource Alert,warning,High memory usage detected: 80.7%,active
2025-11-07T13:49:09.934940+00:00,System,Resource Alert,warning,High memory usage detected: 80.8%,active
2025-11-07T13:51:11.959032+00:00,System,Resource Alert,warning,High memory usage detected: 80.3%,active
2025-11-07T13:52:08.962839+00:00,System,Resource Alert,warning,High memory usage detected: 83.0%,active
2025-11-07T13:53:08.952701+00:00,System,Resource Alert,warning,High memory usage detected: 81.6%,active
2025-11-07T13:54:09.970104+00:00,System,Resource Alert,warning,High memory usage detected: 82.3%,active
2025-11-07T13:55:10.934015+00:00,System,Resource Alert,warning,High memory usage detected: 83.1%,active
2025-11-07T13:56:08.382112+00:00,System,Resource Alert,warning,High memory usage detected: 83.2%,active
2025-11-13T06:10:37.197979+00:00,System,Resource Alert,critical,High CPU usage detected: 92.3%,active
2025-11-13T06:11:37.064027+00:00,System,Resource Alert,critical,High CPU usage detected: 96.1%,active
2025-11-13T06:11:37.068547+00:00,System,Resource Alert,warning,High memory usage detected: 81.5%,active
2025-11-13T06:12:37.124954+00:00,System,Resource Alert,critical,High CPU usage detected: 98.9%,active
2025-11-13T06:12:37.128983+00:00,System,Resource Alert,warning,High memory usage detected: 83.5%,active
2025-11-13T06:13:39.802285+00:00,System,Resource Alert,warning,High memory usage detected: 86.0%,active
2025-11-13T06:14:36.019849+00:00,System,Resource Alert,warning,High memory usage detected: 89.3%,active
2025-11-13T06:15:36.703067+00:00,System,Resource Alert,warning,High memory usage detected: 91.6%,active
2025-11-13T06:16:38.067293+00:00,System,Resource Alert,warning,High memory usage detected: 84.2%,active
2025-11-13T06:17:38.781680+00:00,System,Resource Alert,warning,High memory usage detected: 84.9%,active
2025-11-13T06:18:39.675809+00:00,System,Resource Alert,warning,High memory usage detected: 84.8%,active
2025-11-13T06:19:39.770725+00:00,System,Resource Alert,warning,High memory usage detected: 86.6%,active
2025-11-13T06:20:39.729612+00:00,System,Resource Alert,warning,High memory usage detected: 85.7%,active
2025-11-13T06:21:39.731292+00:00,System,Resource Alert,warning,High memory usage detected: 83.2%,active
2025-11-13T06:22:39.713390+00:00,System,Resource Alert,warning,High memory usage detected: 86.5%,active
2025-11-13T06:23:39.735217+00:00,System,Resource Alert,warning,High memory usage detected: 83.5%,active
2025-11-13T06:24:39.711869+00:00,System,Resource Alert,warning,High memory usage detected: 83.1%,active
2025-11-13T06:25:39.724548+00:00,System,Resource Alert,warning,High memory usage detected: 83.4%,active
2025-11-13T06:26:39.706431+00:00,System,Resource Alert,warning,High memory usage detected: 87.5%,active
2025-11-13T06:27:39.735538+00:00,System,Resource Alert,warning,High memory usage detected: 84.1%,active
2025-11-13T06:28:39.839045+00:00,System,Resource Alert,warning,High memory usage detected: 84.5%,active
2025-11-13T06:29:39.801709+00:00,System,Resource Alert,warning,High memory usage detected: 85.6%,active
2025-11-13T06:30:39.713571+00:00,System,Resource Alert,warning,High memory usage detected: 84.9%,active
2025-11-13T06:31:39.716018+00:00,System,Resource Alert,warning,High memory usage detected: 83.9%,active
2025-11-13T06:32:39.694156+00:00,System,Resource Alert,warning,High memory usage detected: 88.6%,active
2025-11-13T06:33:28.144401+00:00,System,Resource Alert,warning,High memory usage detected: 83.5%,active
2025-11-13T06:33:36.755666+00:00,System,Resource Alert,warning,High memory usage detected: 84.7%,active
2025-11-13T06:34:36.746002+00:00,System,Resource Alert,critical,High CPU usage detected: 90.4%,active
2025-11-13T06:34:36.750896+00:00,System,Resource Alert,warning,High memory usage detected: 84.5%,active
2025-11-13T06:35:37.713621+00:00,System,Resource Alert,critical,High CPU usage detected: 97.5%,active
2025-11-13T06:35:37.716350+00:00,System,Resource Alert,warning,High memory usage detected: 82.8%,active
2025-11-13T06:36:38.803002+00:00,System,Resource Alert,warning,High memory usage detected: 90.6%,active
2025-11-13T06:37:41.769777+00:00,System,Resource Alert,warning,High memory usage detected: 87.3%,active
2025-11-13T06:38:36.692764+00:00,System,Resource Alert,warning,High memory usage detected: 92.1%,active
2025-11-13T06:39:37.717819+00:00,System,Resource Alert,warning,High memory usage detected: 93.8%,active
2025-11-14T06:04:41.638401+00:00,System,Resource Alert,warning,High memory usage detected: 83.1%,active
2025-11-14T06:05:41.463791+00:00,System,Resource Alert,warning,High memory usage detected: 81.5%,active
2025-11-14T06:06:41.238170+00:00,System,Resource Alert,warning,High memory usage detected: 81.4%,active
2025-11-14T06:08:40.892759+00:00,System,Resource Alert,warning,High memory usage detected: 80.1%,active
2025-11-14T06:08:58.804885+00:00,System,Resource Alert,warning,High memory usage detected: 80.6%,active
2025-11-14T06:09:20.208859+00:00,System,Resource Alert,warning,High memory usage detected: 81.0%,active
2025-11-14T06:09:40.683938+00:00,System,Resource Alert,warning,High memory usage detected: 80.6%,active
2025-11-14T06:10:41.716949+00:00,System,Resource Alert,warning,High memory usage detected: 81.1%,active
2025-11-14T06:11:38.005715+00:00,System,Resource Alert,warning,High memory usage detected: 84.3%,active
2025-11-14T06:11:40.607724+00:00,System,Resource Alert,warning,High memory usage detected: 84.4%,active
2025-11-14T06:12:40.690622+00:00,System,Resource Alert,warning,High memory usage detected: 84.4%,active
2025-11-14T06:13:41.732284+00:00,System,Resource Alert,warning,High memory usage detected: 84.6%,active
2025-11-14T06:14:42.721746+00:00,System,Resource Alert,warning,High memory usage detected: 87.2%,active
2025-11-14T06:15:43.708632+00:00,System,Resource Alert,warning,High memory usage detected: 88.0%,active
2025-11-14T06:18:46.684869+00:00,System,Resource Alert,warning,High memory usage detected: 82.4%,active
2025-11-14T06:19:40.712610+00:00,System,Resource Alert,warning,High memory usage detected: 83.8%,active
2025-11-14T06:20:27.926462+00:00,System,Resource Alert,warning,High memory usage detected: 82.8%,active
2025-11-14T06:20:38.581408+00:00,System,Resource Alert,warning,High memory usage detected: 83.4%,active
2025-11-14T06:20:40.989013+00:00,System,Resource Alert,warning,High memory usage detected: 83.6%,active
2025-11-14T06:21:32.702802+00:00,System,Resource Alert,warning,High memory usage detected: 84.4%,active
2025-11-14T06:22:25.499465+00:00,System,Resource Alert,warning,High memory usage detected: 84.7%,active
2025-11-14T06:22:32.050202+00:00,System,Resource Alert,warning,High memory usage detected: 84.8%,active
2025-11-14T07:29:45.816662+00:00,System,Resource Alert,warning,High memory usage detected: 82.0%,active
2025-11-17T05:10:23.329830+00:00,System,Resource Alert,warning,High memory usage detected: 81.3%,active
2025-11-17T05:11:11.242240+00:00,System,Resource Alert,warning,High memory usage detected: 81.3%,active
2025-11-17T05:11:23.304115+00:00,System,Resource Alert,warning,High memory usage detected: 81.6%,active
2025-11-17T05:12:23.468922+00:00,System,Resource Alert,warning,High memory usage detected: 81.2%,active
2025-11-17T05:13:23.462844+00:00,System,Resource Alert,warning,High memory usage detected: 81.0%,active
2025-11-17T05:14:19.599526+00:00,System,Resource Alert,warning,High memory usage detected: 81.7%,active
2025-11-17T05:14:23.323638+00:00,System,Resource Alert,warning,High memory usage detected: 80.9%,active
2025-11-17T05:15:23.463157+00:00,System,Resource Alert,warning,High memory usage detected: 80.8%,active
2025-11-17T05:16:23.442182+00:00,System,Resource Alert,warning,High memory usage detected: 80.9%,active
2025-11-17T05:16:49.765923+00:00,System,Resource Alert,warning,High memory usage detected: 81.4%,active
2025-11-17T05:17:01.670743+00:00,System,Resource Alert,warning,High memory usage detected: 81.4%,active
2025-11-17T05:17:04.624794+00:00,System,Resource Alert,warning,High memory usage detected: 81.4%,active
2025-11-17T05:17:23.442565+00:00,System,Resource Alert,warning,High memory usage detected: 81.3%,active
2025-11-17T05:21:26.740029+00:00,System,Resource Alert,warning,High memory usage detected: 81.0%,active
2025-11-17T05:21:33.477460+00:00,System,Resource Alert,warning,High memory usage detected: 81.6%,active
2025-11-17T05:21:35.844460+00:00,System,Resource Alert,warning,High memory usage detected: 81.7%,active
2025-11-17T05:22:27.435739+00:00,System,Resource Alert,warning,High memory usage detected: 81.7%,active
2025-11-17T05:23:27.458837+00:00,System,Resource Alert,warning,High memory usage detected: 81.8%,active
2025-11-17T05:24:27.446879+00:00,System,Resource Alert,warning,High memory usage detected: 88.3%,active
2025-11-17T05:25:27.484884+00:00,System,Resource Alert,warning,High memory usage detected: 88.9%,active
2025-11-17T05:26:27.481656+00:00,System,Resource Alert,critical,High CPU usage detected: 95.2%,active
2025-11-17T05:26:27.485996+00:00,System,Resource Alert,warning,High memory usage detected: 89.3%,active
2025-11-17T05:28:07.511883+00:00,System,Resource Alert,warning,High memory usage detected: 88.8%,active
2025-11-17T05:29:07.469530+00:00,System,Resource Alert,critical,High CPU usage detected: 97.4%,active
2025-11-17T05:29:07.473057+00:00,System,Resource Alert,warning,High memory usage detected: 89.8%,active
2025-11-17T05:30:07.481790+00:00,System,Resource Alert,warning,High memory usage detected: 87.3%,active
2025-11-17T05:31:09.190504+00:00,System,Resource Alert,critical,High CPU usage detected: 100.0%,active
2025-11-17T05:31:09.195784+00:00,System,Resource Alert,warning,High memory usage detected: 87.5%,active
2025-11-17T05:32:07.490708+00:00,System,Resource Alert,warning,High memory usage detected: 88.7%,active
2025-11-17T05:33:07.484713+00:00,System,Resource Alert,warning,High memory usage detected: 89.5%,active
2025-11-17T05:34:07.456623+00:00,System,Resource Alert,warning,High memory usage detected: 89.8%,active
2025-11-17T05:35:08.476297+00:00,System,Resource Alert,warning,High memory usage detected: 86.7%,active
2025-11-17T05:36:09.474588+00:00,System,Resource Alert,warning,High memory usage detected: 86.6%,active
2025-11-17T05:37:10.478046+00:00,System,Resource Alert,critical,High CPU usage detected: 93.1%,active
2025-11-17T05:37:10.480054+00:00,System,Resource Alert,warning,High memory usage detected: 86.5%,active
2025-11-17T05:38:11.482316+00:00,System,Resource Alert,warning,High memory usage detected: 83.9%,active
2025-11-17T05:39:12.478592+00:00,System,Resource Alert,critical,High CPU usage detected: 96.0%,active
2025-11-17T05:39:12.480610+00:00,System,Resource Alert,warning,High memory usage detected: 81.1%,active
2025-11-17T05:42:15.479675+00:00,System,Resource Alert,warning,High memory usage detected: 80.9%,active
2025-11-17T05:43:16.475422+00:00,System,Resource Alert,warning,High memory usage detected: 81.6%,active
2025-11-17T05:44:17.478032+00:00,System,Resource Alert,warning,High memory usage detected: 81.6%,active
2025-11-17T05:45:18.478686+00:00,System,Resource Alert,warning,High memory usage detected: 80.7%,active
2025-11-17T05:46:19.466549+00:00,System,Resource Alert,warning,High memory usage detected: 80.8%,active
2025-11-17T05:47:20.470050+00:00,System,Resource Alert,warning,High memory usage detected: 80.8%,active
2025-11-17T05:48:21.466146+00:00,System,Resource Alert,warning,High memory usage detected: 80.8%,active
2025-11-17T05:49:07.289700+00:00,System,Resource Alert,warning,High memory usage detected: 81.5%,active
2025-11-26T11:24:23.578665+00:00,System,Resource Alert,critical,High CPU usage detected: 96.3%,active
2025-11-26T12:08:37.008922+00:00,System,Resource Alert,warning,High memory usage detected: 80.6%,active
2025-11-26T12:09:36.997468+00:00,System,Resource Alert,critical,High CPU usage detected: 98.3%,active
2025-11-26T12:09:37.001494+00:00,System,Resource Alert,warning,High memory usage detected: 83.3%,active
2025-11-26T12:10:37.000540+00:00,System,Resource Alert,critical,High CPU usage detected: 95.8%,active
2025-11-26T12:10:37.004188+00:00,System,Resource Alert,warning,High memory usage detected: 84.0%,active
2025-11-26T12:11:36.986888+00:00,System,Resource Alert,critical,High CPU usage detected: 97.9%,active
2025-11-26T12:11:36.997258+00:00,System,Resource Alert,warning,High memory usage detected: 89.1%,active
2025-11-26T12:12:36.994438+00:00,System,Resource Alert,warning,High memory usage detected: 84.1%,active
2025-11-26T12:13:36.968813+00:00,System,Resource Alert,warning,High memory usage detected: 83.6%,active
2025-11-26T12:14:37.975022+00:00,System,Resource Alert,warning,High memory usage detected: 83.5%,active
2025-11-26T12:15:38.961566+00:00,System,Resource Alert,warning,High memory usage detected: 83.7%,active
2025-11-26T12:16:39.969517+00:00,System,Resource Alert,warning,High memory usage detected: 84.0%,active
2025-11-26T12:17:40.969254+00:00,System,Resource Alert,warning,High memory usage detected: 84.0%,active
2025-11-26T12:18:41.965657+00:00,System,Resource Alert,warning,High memory usage detected: 84.0%,active
2025-11-26T12:19:42.970633+00:00,System,Resource Alert,warning,High memory usage detected: 84.3%,active
2025-11-26T12:20:43.970996+00:00,System,Resource Alert,warning,High memory usage detected: 82.7%,active
2025-11-26T12:21:44.964628+00:00,System,Resource Alert,warning,High memory usage detected: 81.7%,active
2025-11-26T12:22:45.973855+00:00,System,Resource Alert,warning,High memory usage detected: 81.9%,active
2025-11-26T12:23:45.966647+00:00,System,Resource Alert,warning,High memory usage detected: 82.0%,active
2025-11-26T12:24:45.947263+00:00,System,Resource Alert,warning,High memory usage detected: 82.1%,active
2025-11-26T12:25:45.955621+00:00,System,Resource Alert,warning,High memory usage detected: 83.1%,active
2025-11-26T12:29:37.966387+00:00,System,Resource Alert,warning,High memory usage detected: 81.0%,active
2025-11-26T12:30:37.965055+00:00,System,Resource Alert,warning,High memory usage detected: 80.7%,active
2025-11-27T10:24:40.952105+00:00,System,Resource Alert,warning,High memory usage detected: 81.9%,active
2025-11-27T10:30:40.996173+00:00,System,Resource Alert,warning,High memory usage detected: 80.2%,active
2025-11-27T10:37:40.971865+00:00,System,Resource Alert,warning,High memory usage detected: 81.4%,active
